folder,name,png,webp,left,top,right,bottom,width,height
00_full_screen,dashboard_full,00_full_screen/dashboard_full.png,00_full_screen/dashboard_full.webp,0,0,941,1672,941,1672
00_sections,header_full,00_sections/header_full.png,00_sections/header_full.webp,0,0,941,258,941,258
00_sections,saldo_dan_aksi_full,00_sections/saldo_dan_aksi_full.png,00_sections/saldo_dan_aksi_full.webp,37,258,893,565,856,307
00_sections,banner_utama_full,00_sections/banner_utama_full.png,00_sections/banner_utama_full.webp,38,580,893,837,855,257
00_sections,layanan_favorit_full,00_sections/layanan_favorit_full.png,00_sections/layanan_favorit_full.webp,38,856,894,1069,856,213
00_sections,aktivitas_terakhir_full,00_sections/aktivitas_terakhir_full.png,00_sections/aktivitas_terakhir_full.webp,38,1086,894,1375,856,289
00_sections,promo_bawah_full,00_sections/promo_bawah_full.png,00_sections/promo_bawah_full.webp,38,1390,893,1526,855,136
00_sections,navigasi_bawah_full,00_sections/navigasi_bawah_full.png,00_sections/navigasi_bawah_full.webp,0,1541,941,1672,941,131
01_header,logo_symbol,01_header/logo_symbol.png,01_header/logo_symbol.webp,62,20,132,91,70,71
01_header,logo_wordmark_tagline,01_header/logo_wordmark_tagline.png,01_header/logo_wordmark_tagline.webp,141,22,371,88,230,66
01_header,logo_lengkap,01_header/logo_lengkap.png,01_header/logo_lengkap.webp,61,18,374,92,313,74
01_header,icon_notifikasi,01_header/icon_notifikasi.png,01_header/icon_notifikasi.webp,710,25,776,92,66,67
01_header,icon_profil,01_header/icon_profil.png,01_header/icon_profil.webp,795,20,870,94,75,74
01_header,sapaan_judul,01_header/sapaan_judul.png,01_header/sapaan_judul.webp,62,133,453,177,391,44
01_header,sapaan_subjudul,01_header/sapaan_subjudul.png,01_header/sapaan_subjudul.webp,62,178,532,235,470,57
01_header,sapaan_lengkap,01_header/sapaan_lengkap.png,01_header/sapaan_lengkap.webp,61,132,535,237,474,105
01_header,ilustrasi_ruang_tamu,01_header/ilustrasi_ruang_tamu.png,01_header/ilustrasi_ruang_tamu.webp,558,87,917,268,359,181
01_header,tagline_tulisan_tangan,01_header/tagline_tulisan_tangan.png,01_header/tagline_tulisan_tangan.webp,601,97,755,187,154,90
01_header,ilustrasi_sofa_kucing,01_header/ilustrasi_sofa_kucing.png,01_header/ilustrasi_sofa_kucing.webp,575,174,787,274,212,100
01_header,ilustrasi_lampu_tanaman,01_header/ilustrasi_lampu_tanaman.png,01_header/ilustrasi_lampu_tanaman.webp,764,103,919,273,155,170
01_header_transparan,logo_symbol_transparan,01_header_transparan/logo_symbol_transparan.png,01_header_transparan/logo_symbol_transparan.webp,62,20,132,91,70,71
10_icon_256,logo_symbol_256,10_icon_256/logo_symbol_256.png,10_icon_256/logo_symbol_256.webp,,,,,256,256
01_header_transparan,logo_wordmark_tagline_transparan,01_header_transparan/logo_wordmark_tagline_transparan.png,01_header_transparan/logo_wordmark_tagline_transparan.webp,141,22,371,88,230,66
10_icon_256,logo_wordmark_tagline_256,10_icon_256/logo_wordmark_tagline_256.png,10_icon_256/logo_wordmark_tagline_256.webp,,,,,256,256
01_header_transparan,logo_lengkap_transparan,01_header_transparan/logo_lengkap_transparan.png,01_header_transparan/logo_lengkap_transparan.webp,61,18,374,92,313,74
10_icon_256,logo_lengkap_256,10_icon_256/logo_lengkap_256.png,10_icon_256/logo_lengkap_256.webp,,,,,256,256
01_header_transparan,icon_notifikasi_transparan,01_header_transparan/icon_notifikasi_transparan.png,01_header_transparan/icon_notifikasi_transparan.webp,710,25,776,92,66,67
10_icon_256,icon_notifikasi_256,10_icon_256/icon_notifikasi_256.png,10_icon_256/icon_notifikasi_256.webp,,,,,256,256
01_header_transparan,icon_profil_transparan,01_header_transparan/icon_profil_transparan.png,01_header_transparan/icon_profil_transparan.webp,795,20,870,94,75,74
10_icon_256,icon_profil_256,10_icon_256/icon_profil_256.png,10_icon_256/icon_profil_256.webp,,,,,256,256
02_saldo_dan_aksi,saldo_card_full,02_saldo_dan_aksi/saldo_card_full.png,02_saldo_dan_aksi/saldo_card_full.webp,38,258,893,447,855,189
02_saldo_dan_aksi,saldo_icon_wallet,02_saldo_dan_aksi/saldo_icon_wallet.png,02_saldo_dan_aksi/saldo_icon_wallet.webp,64,293,151,365,87,72
02_saldo_dan_aksi,saldo_judul_dan_nominal,02_saldo_dan_aksi/saldo_judul_dan_nominal.png,02_saldo_dan_aksi/saldo_judul_dan_nominal.webp,164,286,467,405,303,119
02_saldo_dan_aksi,saldo_icon_mata,02_saldo_dan_aksi/saldo_icon_mata.png,02_saldo_dan_aksi/saldo_icon_mata.webp,308,294,356,338,48,44
02_saldo_dan_aksi,saldo_deskripsi,02_saldo_dan_aksi/saldo_deskripsi.png,02_saldo_dan_aksi/saldo_deskripsi.webp,164,398,457,438,293,40
02_saldo_dan_aksi,tombol_isi_saldo,02_saldo_dan_aksi/tombol_isi_saldo.png,02_saldo_dan_aksi/tombol_isi_saldo.webp,651,337,859,407,208,70
02_saldo_dan_aksi,dekorasi_saldo_card,02_saldo_dan_aksi/dekorasi_saldo_card.png,02_saldo_dan_aksi/dekorasi_saldo_card.webp,490,259,892,447,402,188
02_saldo_dan_aksi,bar_aksi_full,02_saldo_dan_aksi/bar_aksi_full.png,02_saldo_dan_aksi/bar_aksi_full.webp,38,462,893,566,855,104
02_saldo_dan_aksi,aksi_isi_saldo,02_saldo_dan_aksi/aksi_isi_saldo.png,02_saldo_dan_aksi/aksi_isi_saldo.webp,59,477,321,551,262,74
02_saldo_dan_aksi,aksi_transfer,02_saldo_dan_aksi/aksi_transfer.png,02_saldo_dan_aksi/aksi_transfer.webp,346,477,605,551,259,74
02_saldo_dan_aksi,aksi_riwayat,02_saldo_dan_aksi/aksi_riwayat.png,02_saldo_dan_aksi/aksi_riwayat.webp,625,477,882,551,257,74
02_saldo_dan_aksi,aksi_icon_isi_saldo,02_saldo_dan_aksi/aksi_icon_isi_saldo.png,02_saldo_dan_aksi/aksi_icon_isi_saldo.webp,61,481,127,546,66,65
02_saldo_dan_aksi,aksi_icon_transfer,02_saldo_dan_aksi/aksi_icon_transfer.png,02_saldo_dan_aksi/aksi_icon_transfer.webp,348,481,414,546,66,65
02_saldo_dan_aksi,aksi_icon_riwayat,02_saldo_dan_aksi/aksi_icon_riwayat.png,02_saldo_dan_aksi/aksi_icon_riwayat.webp,628,481,694,546,66,65
02_saldo_transparan,saldo_icon_wallet_transparan,02_saldo_transparan/saldo_icon_wallet_transparan.png,02_saldo_transparan/saldo_icon_wallet_transparan.webp,64,293,151,365,87,72
10_icon_256,saldo_icon_wallet_256,10_icon_256/saldo_icon_wallet_256.png,10_icon_256/saldo_icon_wallet_256.webp,,,,,256,256
02_saldo_transparan,aksi_icon_isi_saldo_transparan,02_saldo_transparan/aksi_icon_isi_saldo_transparan.png,02_saldo_transparan/aksi_icon_isi_saldo_transparan.webp,61,481,127,546,66,62
10_icon_256,aksi_icon_isi_saldo_256,10_icon_256/aksi_icon_isi_saldo_256.png,10_icon_256/aksi_icon_isi_saldo_256.webp,,,,,256,256
02_saldo_transparan,aksi_icon_transfer_transparan,02_saldo_transparan/aksi_icon_transfer_transparan.png,02_saldo_transparan/aksi_icon_transfer_transparan.webp,348,481,414,546,58,62
10_icon_256,aksi_icon_transfer_256,10_icon_256/aksi_icon_transfer_256.png,10_icon_256/aksi_icon_transfer_256.webp,,,,,256,256
02_saldo_transparan,aksi_icon_riwayat_transparan,02_saldo_transparan/aksi_icon_riwayat_transparan.png,02_saldo_transparan/aksi_icon_riwayat_transparan.webp,628,481,694,546,58,62
10_icon_256,aksi_icon_riwayat_256,10_icon_256/aksi_icon_riwayat_256.png,10_icon_256/aksi_icon_riwayat_256.webp,,,,,256,256
03_banner_utama,banner_full,03_banner_utama/banner_full.png,03_banner_utama/banner_full.webp,38,580,893,837,855,257
03_banner_utama,banner_teks_kiri,03_banner_utama/banner_teks_kiri.png,03_banner_utama/banner_teks_kiri.webp,70,607,393,792,323,185
03_banner_utama,banner_tombol_bayar,03_banner_utama/banner_tombol_bayar.png,03_banner_utama/banner_tombol_bayar.webp,69,753,309,810,240,57
03_banner_utama,banner_ilustrasi_rumah,03_banner_utama/banner_ilustrasi_rumah.png,03_banner_utama/banner_ilustrasi_rumah.webp,399,614,890,832,491,218
03_banner_utama,banner_icon_petir,03_banner_utama/banner_icon_petir.png,03_banner_utama/banner_icon_petir.webp,500,594,640,720,140,126
03_banner_utama,banner_catatan_tagihan,03_banner_utama/banner_catatan_tagihan.png,03_banner_utama/banner_catatan_tagihan.webp,681,601,884,712,203,111
03_banner_utama,banner_dots,03_banner_utama/banner_dots.png,03_banner_utama/banner_dots.webp,430,801,510,830,80,29
03_banner_utama,banner_rumah_dan_tanaman,03_banner_utama/banner_rumah_dan_tanaman.png,03_banner_utama/banner_rumah_dan_tanaman.webp,462,661,873,831,411,170
03_banner_transparan,banner_icon_petir_transparan,03_banner_transparan/banner_icon_petir_transparan.png,03_banner_transparan/banner_icon_petir_transparan.webp,500,594,640,720,140,126
10_icon_256,banner_icon_petir_256,10_icon_256/banner_icon_petir_256.png,10_icon_256/banner_icon_petir_256.webp,,,,,256,256
04_layanan,header_layanan_favorit,04_layanan/header_layanan_favorit.png,04_layanan/header_layanan_favorit.webp,61,874,887,919,826,45
04_layanan_tiles,pulsa_data_tile,04_layanan_tiles/pulsa_data_tile.png,04_layanan_tiles/pulsa_data_tile.webp,53,921,181,1053,128,132
05_layanan_icons,pulsa_data_icon,05_layanan_icons/pulsa_data_icon.png,05_layanan_icons/pulsa_data_icon.webp,80,938,151,1008,71,70
10_icon_256,pulsa_data_icon_256,10_icon_256/pulsa_data_icon_256.png,10_icon_256/pulsa_data_icon_256.webp,,,,,256,256
04_layanan_tiles,token_listrik_tile,04_layanan_tiles/token_listrik_tile.png,04_layanan_tiles/token_listrik_tile.webp,192,921,319,1053,127,132
05_layanan_icons,token_listrik_icon,05_layanan_icons/token_listrik_icon.png,05_layanan_icons/token_listrik_icon.webp,220,938,290,1008,70,70
10_icon_256,token_listrik_icon_256,10_icon_256/token_listrik_icon_256.png,10_icon_256/token_listrik_icon_256.webp,,,,,256,256
04_layanan_tiles,e_wallet_tile,04_layanan_tiles/e_wallet_tile.png,04_layanan_tiles/e_wallet_tile.webp,331,921,459,1053,128,132
05_layanan_icons,e_wallet_icon,05_layanan_icons/e_wallet_icon.png,05_layanan_icons/e_wallet_icon.webp,359,938,430,1008,71,70
10_icon_256,e_wallet_icon_256,10_icon_256/e_wallet_icon_256.png,10_icon_256/e_wallet_icon_256.webp,,,,,256,256
04_layanan_tiles,tagihan_tile,04_layanan_tiles/tagihan_tile.png,04_layanan_tiles/tagihan_tile.webp,471,921,599,1053,128,132
05_layanan_icons,tagihan_icon,05_layanan_icons/tagihan_icon.png,05_layanan_icons/tagihan_icon.webp,500,938,569,1008,69,70
10_icon_256,tagihan_icon_256,10_icon_256/tagihan_icon_256.png,10_icon_256/tagihan_icon_256.webp,,,,,256,256
04_layanan_tiles,paket_internet_tile,04_layanan_tiles/paket_internet_tile.png,04_layanan_tiles/paket_internet_tile.webp,610,921,738,1053,128,132
05_layanan_icons,paket_internet_icon,05_layanan_icons/paket_internet_icon.png,05_layanan_icons/paket_internet_icon.webp,638,938,709,1008,71,70
10_icon_256,paket_internet_icon_256,10_icon_256/paket_internet_icon_256.png,10_icon_256/paket_internet_icon_256.webp,,,,,256,256
04_layanan_tiles,lainnya_tile,04_layanan_tiles/lainnya_tile.png,04_layanan_tiles/lainnya_tile.webp,750,921,880,1053,130,132
05_layanan_icons,lainnya_icon,05_layanan_icons/lainnya_icon.png,05_layanan_icons/lainnya_icon.webp,779,938,850,1008,71,70
10_icon_256,lainnya_icon_256,10_icon_256/lainnya_icon_256.png,10_icon_256/lainnya_icon_256.webp,,,,,256,256
06_aktivitas,aktivitas_card_full,06_aktivitas/aktivitas_card_full.png,06_aktivitas/aktivitas_card_full.webp,38,1086,893,1375,855,289
06_aktivitas,aktivitas_header,06_aktivitas/aktivitas_header.png,06_aktivitas/aktivitas_header.webp,61,1098,884,1144,823,46
06_aktivitas,aktivitas_token_pln,06_aktivitas/aktivitas_token_pln.png,06_aktivitas/aktivitas_token_pln.webp,63,1148,875,1219,812,71
06_aktivitas,aktivitas_pulsa_telkomsel,06_aktivitas/aktivitas_pulsa_telkomsel.png,06_aktivitas/aktivitas_pulsa_telkomsel.webp,63,1219,875,1289,812,70
06_aktivitas,aktivitas_tagihan_pdam,06_aktivitas/aktivitas_tagihan_pdam.png,06_aktivitas/aktivitas_tagihan_pdam.webp,63,1289,875,1361,812,72
06_aktivitas,aktivitas_icon_token,06_aktivitas/aktivitas_icon_token.png,06_aktivitas/aktivitas_icon_token.webp,66,1154,132,1213,66,59
06_aktivitas,aktivitas_icon_pulsa,06_aktivitas/aktivitas_icon_pulsa.png,06_aktivitas/aktivitas_icon_pulsa.webp,66,1227,132,1283,66,56
06_aktivitas,aktivitas_icon_tagihan,06_aktivitas/aktivitas_icon_tagihan.png,06_aktivitas/aktivitas_icon_tagihan.webp,66,1299,132,1356,66,57
06_aktivitas,badge_berhasil_1,06_aktivitas/badge_berhasil_1.png,06_aktivitas/badge_berhasil_1.webp,761,1156,866,1209,105,53
06_aktivitas,badge_berhasil_2,06_aktivitas/badge_berhasil_2.png,06_aktivitas/badge_berhasil_2.webp,761,1228,866,1280,105,52
06_aktivitas,badge_berhasil_3,06_aktivitas/badge_berhasil_3.png,06_aktivitas/badge_berhasil_3.webp,761,1301,866,1354,105,53
10_icon_256,aktivitas_icon_token_256,10_icon_256/aktivitas_icon_token_256.png,10_icon_256/aktivitas_icon_token_256.webp,,,,,256,256
10_icon_256,aktivitas_icon_pulsa_256,10_icon_256/aktivitas_icon_pulsa_256.png,10_icon_256/aktivitas_icon_pulsa_256.webp,,,,,256,256
10_icon_256,aktivitas_icon_tagihan_256,10_icon_256/aktivitas_icon_tagihan_256.png,10_icon_256/aktivitas_icon_tagihan_256.webp,,,,,256,256
07_promo,promo_banner_full,07_promo/promo_banner_full.png,07_promo/promo_banner_full.webp,38,1390,893,1526,855,136
07_promo,promo_label_mingguan,07_promo/promo_label_mingguan.png,07_promo/promo_label_mingguan.webp,64,1400,224,1438,160,38
07_promo,promo_teks_utama,07_promo/promo_teks_utama.png,07_promo/promo_teks_utama.webp,64,1439,473,1511,409,72
07_promo,promo_ilustrasi_hp,07_promo/promo_ilustrasi_hp.png,07_promo/promo_ilustrasi_hp.webp,437,1395,626,1525,189,130
07_promo,promo_catatan_tangan,07_promo/promo_catatan_tangan.png,07_promo/promo_catatan_tangan.webp,735,1414,875,1493,140,79
07_promo,promo_tombol,07_promo/promo_tombol.png,07_promo/promo_tombol.webp,591,1456,721,1511,130,55
08_navigasi,navigasi_full,08_navigasi/navigasi_full.png,08_navigasi/navigasi_full.webp,0,1541,941,1672,941,131
08_navigasi,nav_beranda,08_navigasi/nav_beranda.png,08_navigasi/nav_beranda.webp,73,1554,197,1651,124,97
08_navigasi,nav_riwayat,08_navigasi/nav_riwayat.png,08_navigasi/nav_riwayat.webp,304,1554,431,1651,127,97
08_navigasi,nav_saldo,08_navigasi/nav_saldo.png,08_navigasi/nav_saldo.webp,535,1554,655,1651,120,97
08_navigasi,nav_akun,08_navigasi/nav_akun.png,08_navigasi/nav_akun.webp,771,1554,870,1651,99,97
08_navigasi,nav_icon_beranda,08_navigasi/nav_icon_beranda.png,08_navigasi/nav_icon_beranda.webp,102,1560,157,1612,55,52
08_navigasi,nav_icon_riwayat,08_navigasi/nav_icon_riwayat.png,08_navigasi/nav_icon_riwayat.webp,335,1560,388,1612,53,52
08_navigasi,nav_icon_saldo,08_navigasi/nav_icon_saldo.png,08_navigasi/nav_icon_saldo.webp,566,1560,620,1612,54,52
08_navigasi,nav_icon_akun,08_navigasi/nav_icon_akun.png,08_navigasi/nav_icon_akun.webp,789,1560,842,1612,53,52
08_navigasi_transparan,nav_icon_beranda_transparan,08_navigasi_transparan/nav_icon_beranda_transparan.png,08_navigasi_transparan/nav_icon_beranda_transparan.webp,102,1560,157,1612,55,52
10_icon_256,nav_icon_beranda_256,10_icon_256/nav_icon_beranda_256.png,10_icon_256/nav_icon_beranda_256.webp,,,,,256,256
08_navigasi_transparan,nav_icon_riwayat_transparan,08_navigasi_transparan/nav_icon_riwayat_transparan.png,08_navigasi_transparan/nav_icon_riwayat_transparan.webp,335,1560,388,1612,53,52
10_icon_256,nav_icon_riwayat_256,10_icon_256/nav_icon_riwayat_256.png,10_icon_256/nav_icon_riwayat_256.webp,,,,,256,256
08_navigasi_transparan,nav_icon_saldo_transparan,08_navigasi_transparan/nav_icon_saldo_transparan.png,08_navigasi_transparan/nav_icon_saldo_transparan.webp,566,1560,620,1612,54,52
10_icon_256,nav_icon_saldo_256,10_icon_256/nav_icon_saldo_256.png,10_icon_256/nav_icon_saldo_256.webp,,,,,256,256
08_navigasi_transparan,nav_icon_akun_transparan,08_navigasi_transparan/nav_icon_akun_transparan.png,08_navigasi_transparan/nav_icon_akun_transparan.webp,789,1560,842,1612,53,52
10_icon_256,nav_icon_akun_256,10_icon_256/nav_icon_akun_256.png,10_icon_256/nav_icon_akun_256.webp,,,,,256,256
09_section_blocks,header_dan_saldo,09_section_blocks/header_dan_saldo.png,09_section_blocks/header_dan_saldo.webp,0,0,941,447,941,447
09_section_blocks,saldo_aksi_banner,09_section_blocks/saldo_aksi_banner.png,09_section_blocks/saldo_aksi_banner.webp,37,258,893,837,856,579
09_section_blocks,layanan_dan_aktivitas,09_section_blocks/layanan_dan_aktivitas.png,09_section_blocks/layanan_dan_aktivitas.webp,37,856,894,1375,857,519
09_section_blocks,aktivitas_promo_navigasi,09_section_blocks/aktivitas_promo_navigasi.png,09_section_blocks/aktivitas_promo_navigasi.webp,37,1086,941,1672,904,586
